,full_text,sentiment,emotion
483,"@RevistaSemana El tema es que qui√©n lo dice, es el mayor delincuente de la historia de Colombia, ¬øC√≥mo le van a robar elecciones al l√≠der de la corrupci√≥n en Colombia?",negative,anger
406,"üá®üá¥El asesino y terrorista @AlvaroUribeVel  
A poco de las elecciones infunden terror en el #colombia como arma pol√≠tica en campa√±a, #ParoArmado el discurso del miedo para mantenerse en el poder por medio de su t√≠tere @FicoGutierrez",negative,sadness
562,"Insisto...el peor enemigo de la llamada #Derecha en #Colombia es la misma ""Derecha""...
Llegar DIVIDIDOS a las elecciones PRESIDENCIALES, No me parece la mejor t√°ctica, para enfrentar al #PapilomaHumano 
Seg√∫n la posici√≥n de los Astros, podr√≠a ser Desastroso para el #29Mayo https://t.co/jv4cmhH9mv",negative,sadness
499,@NanoC40 @juliomario55555 @CARLOSFMEJIA @infopresidencia @FiscaliaCol @PGN_COL @CNE_COLOMBIA Oigan a esteeee!!! En esas elecciones no hubo uno solo...,negative,sadness
511,"No sabe por qui√©n votar el pr√≥ximo 29 de mayo, vea est√° buena herramienta de @elespectador @fundacionFESCOL  y @cifrasyconcepto  Clave una vez haga ""match"" entre y conozca m√°s de su posible candidato.  https://t.co/sjy3HgovbL",neutral,fear
147,"@AndresElGury @CNE_COLOMBIA üíØüëèüëèüëèBERRACO este Man!!
 Esos son los l√≠deres  que hay que seguir y  respaldar, no a los que se quedan callados mientras se roban unas elecciones a la vista de todo el mundo.
Siiii partidos pol√≠ticos!!! es con ustedes,  COBARDES!!
Excepto  @Enrique_GomezM",negative,anger
301,"Se sab√≠a. No van a dejar ganar legalmente al pr√≥ximo presidente @FicoGutierrez , le van a robar las elecciones. Ya perdimos, se tomaron el poder definitivamente. 

#ElRiesgoEs #QuienRespondePor #Colombia #ColombiaDecide #RCN #PetroCorrupto @Salu_Macallan8 @ArgiroCasta888 https://t.co/T9obCGmyk9",negative,fear
108,@CARLOSFMEJIA @infopresidencia @PGN_COL @FiscaliaCol @CNE_COLOMBIA Hace 4 a√±os un perro rabioso se rob√≥ las elecciones,negative,anger
597,üåç INTERNACIONALES I Colombia: trayecto final de cara a las elecciones presidenciales | Pol√≠tica Hoy https://t.co/ppUlHfd7bj,neutral,joy
183,@BecerraGabo @heidy_up @AidaAvellaE @AlirioUribeMuoz @delmarpizarro @HERACLITOL @DavidRacero @petrogustavo @FranciaMarquezM @UP_Colombia Se activan los colectivos uribistas al ver perdidas las elecciones ajuaaaaaa #ParoArmado,negative,fear
104,"@PGN_COL @RedMasNoticias @NoticiasCaracol @NoticiasRCN @elespectador @ElNuevoSiglo @AtlanticoEmi @larepublica_co @elheraldoco @RevistaSemana @BluRadioCo Y es que la procuraduria existe en colombia ?vea ps ,la hora de aparecer a 15 dias de elecciones presidenciales cuando ya no hay nada que hacer muy charros",negative,anger
64,"@LaNocheNTN24 @CGurisattiNTN24 @Germancalderon1 @JeffersonNTN24 NO TENGO CONFIANZA EN EL CNE, NI EN LA REGISTRADURIA. Es evidente que han mucho dinero de por  medio para favorecer a Gustavo Petro, porque el y todo el mundo sabe que si no es rob√°ndose las elecciones nunca va a ser presidente. La Democracia Colombia nunca a estado tan amenazada",negative,anger
393,"Episodio 8 - En este nuevo episodio Alicia Eugenia Silva nos plantea una reflexi√≥n,¬†¬†en estas elecciones ¬øel pa√≠s sigue polarizado? o ¬ønace un nuevo bipartidismo en Colombia?¬†https://t.co/HYnK26DpNn via @YouTube",neutral,fear
531,@lcvelez Las elecciones deber√≠an estar suspendidas hasta tanto no nos den garant√≠as con un nuevo registrador. Colombia y aparece Nicaragua o Venezuela forzados a aceptar elecciones chambonas para beneficiar a @petrogustavo,negative,anger
155,@PGN_COL @RedMasNoticias @NoticiasCaracol @NoticiasRCN @elespectador @ElNuevoSiglo @AtlanticoEmi @larepublica_co @elheraldoco @RevistaSemana @BluRadioCo tienen las elecciones cuadradas para que gane el hamp√≥n de @petrogustavo como sea.Yo no creo en la @Registraduria ni en @IndraenColombia que tiene cuestionamientos de su software en otros pa√≠ses pero la @CGR_Colombia @PGN_COL @CNE_COLOMBIA pasan de agache y no dicen ni hacen nada,negative,anger
258,"#Video ¬øCu√°ntos votos necesitaron Duque y Petro para ir a segunda vuelta en 2018?

https://t.co/aS2FPlEMss https://t.co/QeJ0A1fnBe",neutral,joy
347,@mindefensa @infopresidencia @PoliciaColombia @FuerzaAereaCol @IvanDuque @FuerzasMilCol @GobDeBolivar @GobCordoba_ @GobSucre si se van a reunir  con  sus amigos aliados del clan del golfo para mirar como da;an las elecciones para este 29 de mayo eso es lo √∫nico que hace este NARCOGOBIERNO FAVORECER A PARAMILITARES Y LAS MAFIAS EN COLOMBIA,negative,fear
305,"No hay nada escrito hasta que est√© m√≠sero no salga de ah√≠, se sepa que t√≠tere van a poner y qui√©n controlar√° elecciones y a los comunistas @CNE_COLOMBIA @fecode jurados y @moecolombia que no sirve para..........garante pero de los comunistas ap√°tridas. https://t.co/BKqSY6slHN",negative,fear
263,"Petro promete reanudar relaciones diplom√°ticas con Maduro si gana elecciones en Colombia
#TalCual #ClaroyRaspao #AmigosDeNuevo 
https://t.co/Kpm7VZydwZ https://t.co/FiJfeEuXCa",neutral,joy
455,"Mi match electoral no puede ser m√°s cierto üòÇü•∞ @sergio_fajardo  ¬°vamos con toda! üíö #MatchElectoral  

Para conocer qui√©n ser√≠a su match m√°s acorde a sus posturas econ√≥micas y sociales para la presidencia: https://t.co/Hb5yhh8elH y mandan fotico a ver que les sale ü§©üßê https://t.co/NG4X9fRwCa",positive,joy
257,"@Alfarero3O @PGN_COL NO IMPORTA que salgamos a votar 20 millones por @FicoGutierrez ,El registrador ""Tibisay VEGA"" y el @CNE_COLOMBIA al servicio de las 2 Prostitutas de la Justicia,""La suprema y La constitucional,se van a robar las elecciones a favor de ""PETRO"" ya se robaron las parlamentarias OJO!!",negative,anger
414,"Eso sabe   ;)
Adelante #PetroPresidente2022 
https://t.co/xscQ26b62m https://t.co/NIJNT0Sms7",positive,sadness
486,"@PGN_COL @RedMasNoticias @NoticiasCaracol @NoticiasRCN @elespectador @ElNuevoSiglo @AtlanticoEmi @larepublica_co @elheraldoco @RevistaSemana @BluRadioCo Las elecciones en Colombia fueron un fraude debe anularlas y las de presidencia deben aplazarlas no hay GARANT√çAS, hubo un PACTO DE ROBO Y ATRAC√ì AL PAIS",negative,sadness
413,"Colombia es un pa√≠s olvidado por sus dirigentes , cada dia hay mas hambre , inseguridad y pobreza.  Que lastima que en estas elecciones nos toque escoger una vez m√°s por el menos malo. #nosesalvaninguno #ColombiaVota2022",negative,fear
318,"@jarizabaletaf QUE NOS DIGA DE UNA VEZ QUIEN ES EL PRESIDENTE,,,Y ACABAMOS CON ESTA MAMERA DE ELECCIONES..! Y EMPEZAMOS A CAMINAR POR TODA COLOMBIA ENMOCHILADOS‚Ä¶..CON LOS VENEZOLANOS‚Ä¶.!",negative,anger
550,"@MariaFdaCabal Fuera ""Indra"" de Colombia üá®üá¥ ha participado en el desarrollo de elecciones en  Noruega, Francia, Eslovenia, Portugal, Italia, Estados Unidos, Argentina,Bolivia Angola,Argentina, Colombia entre otros, ofreciendo todo tipo de servicios electorales pero a favor de la izquierda üëà",negative,anger
12,"A caso en Colombia hay Procuradur√≠a? O si existe est√° sin cabeza? Las elecciones al Congreso fueron un fraude, hay que anularlas y repetirlas; hay que cerrar el CNE y sacar a todos en la Registradur√≠a, la mayor√≠a para una CARCEL https://t.co/wSfZAJfJcX",negative,anger
363,La. Justicia en colombia es una mierda. El registrador va a torcer las elecciones. Donde esta el presidente par aq suspendan. Retiren del cargo a ese perro https://t.co/l3ofo0FE2l,negative,fear
85,"@HELIODOPTERO @petrogustavo El que llena plazas cada 4 a√±os le votan el d√≠a de elecciones los mismos 4 millones, pero claro el mismo cuento que dizque le roban las elecciones. Colombia le dir√° No a  Petro por en√©sima vez.",negative,anger
449,Comenzaron los simulacros de las elecciones de Presidente y Vicepresidente de 2022 en Colombia https://t.co/DVamXNXiGC,neutral,joy
579,"El Partido Castigador üëá
https://t.co/ceTkao1YtO",negative,fear
167,"@AlvaroUribeVel El creador del paramilitarismo en Colombia es usted se√±or , adem√°s quien debe garantizar la seguridad es la marioneta que puso de presidente, ahora como van perdidos en las elecciones porque el in√∫til de Fico les sali√≥ peor que Duque, toca sacar el truco llenar de terror",negative,anger
487,"@MONYRODRIGUEZOF por que no pide la renuncia del registrador despu√©s del fraude que cometi√≥ en las elecciones? o por que no pide la renuncia del KK‚Äôs frente a las visitas de la picota, compra de votos o infiltraciones de la campa√±a? Celebra usted la corrupci√≥n y ataca quienes defienden Colombia",negative,sadness
163,"@petrogustavo #pactopicota nos m√°s terrorismo Gustavo! no m√°s asesinatos est√°n acabando con Colombia, no sigan amenazando a las personas por el voto.
Las elecciones se ganan con propuestas reales, no con sangre.",negative,sadness
328,"Como ustedes construyen escenarios y en dicen que en bolsa no se compra el pasado sino las expectativas futuras, me imagino que ten√≠an en la baraja a USA titubeando 20 d√≠as antes de elecciones en Colombia.",neutral,sadness
204,"Una vida digna y sin violencia, esa definici√≥n ut√≥pica del buen vivir no se ha visto JAM√ÅS en colombia;  ahora a d√≠as de las elecciones que podr√≠an generar un verdadero CAMBIO aparece el malafortunado paro armado. Nos quedamos sin VERDAD y ahora con MIEDO. #ParoArmado #Otoniel",negative,fear
536,"La @PGN_COL haciendo la tarea de la @Registraduria a pesar del creciente presupuesto va ""de para atr√°s"".. M√°s irregularidades y Alexander Vega a 23 d√≠as de las elecciones presidenciales sigue atornillado al cargo ¬ø@CNE_COLOMBIA @FiscaliaCol? @CaracolRadio https://t.co/J8U66CXgzI",negative,anger
211,"¬øPor qu√© cree usted que debe ser suspendido Alexander Vega, Registrador Nacional del Estado Civil a 23 d√≠as de las elecciones presidenciales en Colombia? Responde el abogado constitucionalista ‚û°Ô∏è @Germancalderon1 en di√°logo con @JeffersonNTN24 Directora @CGurisattiNTN24 ‚¨áÔ∏è https://t.co/HpbMJ16s1T",neutral,sadness
153,"¬øPreparados para la guerra civil que se nos viene si la @Registraduria, el @CNE_COLOMBIA, y el @consejodeestado se roban las elecciones?",negative,fear
331,"@CARLOSFMEJIA @infopresidencia @PGN_COL @FiscaliaCol @CNE_COLOMBIA Listo el ""Auto"" que ordena destituir a @alexandervega registrador criminal que vendi√≥ las elecciones y se vendi√≥ al socialismo al #castrochavismo listo el Auto #UltimaHora https://t.co/qr4zXgZCNM",negative,fear
164,"#ColombiaDecide | Gustavo Petro cont√≥ con gran afluencia en la plaza Alfonso L√≥pez, en Valledupar. Por m√°s de una hora el candidato del Pacto Hist√≥rico expuso sus propuestas y comparti√≥ con algunos de sus simpatizantes. M√°s en https://t.co/0Rr4ts0rOv https://t.co/iKv6rxoH7m",neutral,joy
292,"@alfonsoeljach @alcaldiabarranc @EnLineaBarranca @vanguardiacom @Enlace_TV @Telepetroleo @Yariguies1027 @CanalTRO @CaracolBga @BLUSantanderes @RCNBga Populismo punitivo y preciso antes de las de las elecciones, siempre la misma pel√≠cula en #Colombia",negative,sadness
205,Se quit√≥ la careta. .......Petro promete reanudar relaciones diplom√°ticas con Maduro si gana elecciones en Colombia https://t.co/68tVxXzgeM,negative,fear
545,"Colombia. Pa√≠s de las jugaditas...

Con o sin Ley de garant√≠as el Uribismo siempre ha encontrado y encontrar√° la manera de ama√±ar elecciones y comprar votos.",negative,anger
250,"@Salu_Macallan8 @FuerzasMilCol @PoliciaColombia NO IMPORTA que salgamos a votar 20 millones por @FicoGutierrez ,El registrador ""Tibisay VEGA"" y el @CNE_COLOMBIA al servicio de las 2 Prostitutas de la Justicia,""La suprema y La constitucional,se van a robar las elecciones a favor de ""PETRO"" ya se robaron las parlamentarias OJO!!",negative,anger
307,@GralJuvenalDiaz NARCOPARAURIBISMO GENOCIDA Y CLAN DEL GOLFO TRABAJAN EN LLAVE PARA METER MIEDO A COLOMBIA Y ROBARSE LAS ELECCIONES EL 29 MAYO.,negative,anger
225,"https://t.co/FxFKHi951T. @IvanDuque no respeta la constituci√≥n ni la ley, esto favorece mas campa√±a de @petrogustavo.",neutral,joy
277,"¬øC√≥mo ha votado el pa√≠s en los √∫ltimos 28 a√±os? ¬øPodemos hablar de un sistema pol√≠tico caudillista? A menos de 30 d√≠as de las #Elecciones2022 hicimos un an√°lisis del comportamiento electoral de los colombianos. Esto encontramosüëáhttps://t.co/tVxPTMLkC2
#ContenidoPremiumEE",negative,anger
123,@ernestomaciast @Registraduria @PGN_COL tienen las elecciones cuadradas para que gane el hamp√≥n de @petrogustavo como sea.Yo no creo en la @Registraduria ni en @IndraenColombia que tiene cuestionamientos de su software en otros pa√≠ses pero la @CGR_Colombia @PGN_COL @CNE_COLOMBIA pasan de agache y no dicen ni hacen nada,negative,anger
43,"@magally_zapata Apoyo esa idea no podemos quedarnos quejadonos en Twitter mientras el registrador la izquierda esperan para robarse las elecciones Colombia, merece unas elecciones justas @PGN_COL moviliccemonos a las diferentes registraduria hasta q renuncie  registrador",negative,anger
87,"@davoelbravo @CARLOSFMEJIA @el82ye78 @infopresidencia @FiscaliaCol @PGN_COL @CNE_COLOMBIA Por qu√© cree que no hacen nada, por la sencilla raz√≥n que no hay nada, no existen evidencias, perdieron las elecciones.",negative,anger
8,"@Margaritarosadf Nos llev√≥ el putas, aunque aqu√≠ en Colombia tambi√©n estamos en guerra y como seguramente Petro gana las elecciones vamos a estar peor y sobra decir por obra de qui√©n",negative,sadness
428,"EnerNews | El peso del petr√≥leo en la ruta de los candidatos en Colombia

üëâ https://t.co/8ShA3O33SD

#petr√≥leo #Colombia #Elecciones https://t.co/ipVNfs8Zhv",neutral,fear
150,¬°TOMA NOTA! La violencia del conflicto armado en Colombia resurge antes de las elecciones https://t.co/fPOo1FeIyz,negative,anger
379,"Hice el ejercicio de la Match Presidencial del @elespectador.

Me gust√≥. Creo que me define ideol√≥gicamente. Lo m√°s importante es que me deja claro por quien no debo votar.

Aqu√≠ les dejo el enlace para que hagan el ejercicio. 

https://t.co/jHXsHZWoDO https://t.co/nJsUylMydh",neutral,fear
459,"¬øVamos a terminar en que para subirse al Metro de Medell√≠n, al bus de Envigado, al Transmetro de Barranquilla o al avi√≥n de Avianca habr√° que demostrar el voto por alias ""Fico""?

https://t.co/f7CDOrUAEd",negative,fear
261,"@jarizabaletaf NO IMPORTA que salgamos a votar 20 millones por @FicoGutierrez ,El registrador ""Tibisay VEGA"" y el @CNE_COLOMBIA al servicio de las 2 Prostitutas de la Justicia,""La suprema y La constitucional,se van a robar las elecciones a favor de ""PETRO"" ya se robaron las parlamentarias OJO!!",negative,anger
467,@MariaFdaCabal y para distraer de las elecciones d√≥nde Colombia eligi√≥ ya Presidente 2022-2026 @FicoGutierrez https://t.co/3fcppGX1EY,neutral,joy
193,"No. Y est√°n en mora las autoridades para mostrar resultados contra los que votaron dos veces en las parlamentarias y el m√°s de mill√≥n de votos que marcaron en corferias. Se van a robar las elecciones.

#ElRiesgoEs #QuienRespondePor #ColombiaDecide #Colombia #FicoPresidente2022 https://t.co/UsQPm1tvcH",negative,anger
209,"Tres semanas para unas elecciones claves en Colombia: @petrogustavo encabeza las encuestas, el lunes denunci√≥ un plan para asesinarlo. En segundo lugar est√° Guti√©rrez, aliado al uribismo, que busca llegar al balotaje. El an√°lisis para @CarasyCaretasuy. 

https://t.co/HDd8ACTHI6",neutral,fear
529,"@lcvelez El mayor riesgo en las elecciones est√° en la misma  @Registraduria el @CNE_COLOMBIA los jurados, los supuestos delegados internacionales  que trajeron a favor de ellos, y de remate la misma Registraduria descarada haci√©ndole campa√±a a los que ofrecen el supuesto cambio ü§¶üèª‚Äç‚ôÄÔ∏è https://t.co/Xghmj77P1S",negative,fear
443,"Petro promete reanudar relaciones diplom√°ticas con Maduro si gana elecciones en Colombia
#TalCual #ClaroyRaspao #AmigosDeNuevo 
https://t.co/Kpm7VZydwZ https://t.co/xyy0uPwwzZ",negative,sadness
491,Ya se est√° fraguando y activando el aplazamiento de las elecciones del 29 de mayo y la se√±al del golpe de estado al futuro presidente de Colombia @petrogustavo https://t.co/8QAY3qoSZA,negative,sadness
494,"Se√±or @AlvaroUribeVel asfixiado hasta mas no poder, sembrando terror social en la costa, sepa que Colombia despert√≥ y esta es la misma payasada de 1 mes antes de elecciones. Firmes con Petro, un cambio por la VIDA",negative,sadness
5,"As√≠ como estamos en Colombia no pueden haber elecciones, primero toca proteger el pa√≠s de los narcoterroristas donde se tiene que empezar por fumigar para acabar con la coca y los narcoasesinos terroristas, las elecciones no ser√≠an prioridad hasta que no renuncie el registrador",negative,anger
55,".@odonnellmaria y @ertenembaum entrevistan a Francia M√°rquez, candidata a vicepresidenta en la f√≥rmula de Gustavo Petro para las elecciones presidenciales de Colombia. La cita, este s√°bado a las 9 P.M. (Miami), 10 P.M. (Buenos Aires) en #Conecta2 https://t.co/oB0KwVMmkn",neutral,joy
497,"As√≠ reaccionaron algunos candidatos al alza de la #inflaci√≥n Variaci√≥n anual del IPC lleg√≥ a 9,23% en abril, inform√≥ el @DANE_Colombia . Esto dijeron los aspirantes a la Presidencia sobre el dato, el m√°s alto en 21 a√±os. https://t.co/KkxlGRIPCi via @Portafolioco",negative,anger
374,"https://t.co/KXwMVRujE7 recomendado, votemos a conciencia. Este app que saco @elespectador le ayuda a ver como sus posiciones se alinean con su candidato. 1/3 #eleccionescolombia2022 #elecciones #colombia",neutral,anger
79,@CGurisattiNTN24 El senador de Colombia en EEUUtiene toda la raz√≥n sino tienen gente preparada para las elecciones nos van a robar la libertad en primera vuelta,negative,fear
114,"@NHolhuin @alezandrazam72 Modelo de Tutela que busca dar ""Tranquilidad"" Para las Elecciones Presidenciales del #29Mayo 2022 en #Colombia 
https://t.co/DRb5uWlUa3",neutral,joy
490,ESTO ES LO QUE LE ESPERA A COLOMBIA üá®üá¥ SI PETRO GANA LAS ELECCIONES SU PROPIEDAD Y LA DE TODOS LOS COLOMBIANOS SER√ÅN QUEMADOS SUS PROPIEDADES  EXPROPIADAS OJO COLOMBIA üá®üá¥  https://t.co/FwhicXJj3D,negative,fear
522,Ante la inminente caida del r√©gimen asesino y criminal impuesto por los uribistas en Colombia y el cambio de poder. El establecimiento est√° dispuesto a realizar hechos violentos y de terror que impacten a nivel nacional y poder decretar estado de conmoci√≥n y aplazar elecciones.,negative,fear
262,@AlvaroUribeVel Ud y el gobierno son los due√±os del paro armado! Colombia ya no les cree esas ma√±as que se inventan faltando medio mes para las elecciones para vender al Uribismo como los bienaventurados dadores de seguridad democratica! #OjoConEl2022 #OjoConElVoto,negative,anger
194,"@BluRadioCo #LaEleccionEsColombia Paso en los EEUU, Reino Unido,Francia, Italia, Espa√±a, Argentina, Chile, Per√∫...Quien garantiza que en Colombia no se robar√°n las elecciones? Los Colombianos no elegimos Presidentes, son puestos por poderosos Masones a quienes se les llama Estado Profundo. https://t.co/8pRRJUUf4K",negative,fear
21,"üá®üá¥ Despu√©s de todo el manto de dudas y fraudes de las pasadas elecciones en #Colombia, que confianza produce las votaciones del 29 de Mayo??
/RT",negative,anger
161,Gast√≥n Garriga: c√≥mo multiplicar algunas ideas de CFK/Colombia avanza hacia elecciones con Petro amenazado/Interacci√≥n con oyentes.,neutral,joy
621,"El pr√≥ximo 2 de junio se realizar√° el ""Debate Feminista: Colombia 2022"" con los candidatos presidenciales que logren llegar a segunda vuelta üí≠üá®üá¥

https://t.co/zpHp59ivvi",neutral,joy
60,"El paro armado est√° hecho bajo la excusa de la extradici√≥n de Otoniel, esto creo m√°s que todo es para meter miedo en la cercan√≠a de las elecciones presidenciales, no s√© a que candidato perjudicar√≠a m√°s? 
Pero volvimos a las √©pocas muy oscuras de la guerra en Colombia.",negative,fear
256,que MIEDO de verdad todo lo que esta pasando en Colombia y lo que va a pasar durante y despu√©s de elecciones,negative,fear
527,"En Colombia los amigos de @AlvaroUribeVel haciendo de las suyas!
Recuerden que hace falta 23 d√≠as para las elecciones y necesitan vender el cuento de la seguridad democr√°tica a sangre y fuego. https://t.co/Zr9BgNQys8",negative,sadness
132,"@MartinSantosR Un d√≠a un traidor, se rob√≥ un plebiscito, ilegalmente implement√≥ un FARCACUERDO el congreso lo aval√≥ c√≥mplice del robo pues sus representados dijeron No. Como pueblo dormido no protestamos de forma  contundente, por eso hoy se quieren robar las Elecciones. Colombia libre de Petro",negative,anger
604,"Match presidencial: descubra su candidato ideal para las elecciones en Colombia | El Espectador #elEspectador

üöÇ#trendeconciencia
üì∫
üëá 
https://t.co/14UgzE8rpJ via @PodcastAddict https://t.co/dFY6PvhhHS",neutral,joy
555,"Las mayor√≠as gobiernistas en el Congreso sabian que modificar la Ley de Garant√≠as era contrario a la Constituci√≥n, a√∫n as√≠ aprobaron modificarla para meter billones de pesos del presupuesto p√∫blico a elecciones a trav√©s de convenios interadministrativos.

https://t.co/GysrfVSBSo",negative,anger
27,"Un paro armado decretado por un pu√±ado de delincuentes narcotraficantes tiene encerrada a la gente en sus casas a punta de terror. El gobierno de Iv√°n Duque dej√≥ a la poblaci√≥n a su suerte, y a 20 d√≠as de elecciones lo √∫nico que tenemos es miedo. En Colombia todo est√° muy miedoso https://t.co/hlRUr5bJ9Q",negative,fear
288,üö®ALERTA COLOMBIAüö®Si de verdad quieres hacer parte de la historia y participar activamente en estas elecciones. VINC√öLATE Como TESTIGO ELECTORAL Contribuye a que los COMUNISTAS En Colombia y el mundo nos no vuelvan a cometer fraude electoral.Inscr√≠bete vig√≠lalos y no nos dejemos,neutral,joy
619,"@karinin7986 @juanitacatano Profe no se desgaste con esa se√±ora su intelecto no le da para m√°s por eso se chamusco en las pasadas elecciones,adem√°s esa se√±ora debe de haber trabajado con la ""dea"" para poder que el partido CR le dieran el aval,recuerde que ella est√° en el partido m√°s corrupto de Colombia",negative,anger
515,"@ElDelMedallo @teffygiraldo06 Y va subiendo la tasa de asesinatos en Colombia, con el nuevo terrorismo pre elecciones. ¬°NO SON BUENOS D√çAS!",negative,fear
253,Me late que en estas elecciones las mujeres de Colombia somos las que vamos a poner Presidente üòçüòçüòç #FicoPresidenteEnPrimeraVuelta https://t.co/Kb5EIULNlJ,positive,joy
448,Rodolfo Hern√°ndez: ‚ÄúFajardo como que ya pas√≥ a la historia‚Äù https://t.co/46LHuywOBq,neutral,anger
583,"#ElRiesgoEs @CNE_COLOMBIA @Doris_MendezC , a pesar de ver el robo Monumental por parte del corrupto @Registraduria en Las elecciones de congreso afirman que todo fue transparente, uno roba.. @Registraduria y los otros @CNE_COLOMBIA lo encubren, saben que no tenemos @PGN_COL https://t.co/e8QPkTGVLT",negative,fear
380,"@condeza6 @Gonzalo00333993 @Pura_Miel @Registraduria @CNE_COLOMBIA @moecolombia @PGN_COL Co√±o que porquer√≠a de pa√≠s , acaso la procuradora se revolc√≥ con el registrador y le tomo fotos y videos que la tiene chantajeada o que , que carajos es lo que esa vieja est√° esperando que se forme un mierdero el d√≠a de las elecciones?",neutral,sadness
615,"@DanielPalam @MinInterior @INPEC_Colombia @DanielPalam para cuando #TodaLaContundenciaContraLaCriminalidad en la @Registraduria ?
Cree q las elecciones #M29 con el #registradorcorrupto Alex Vega y con las denuncias @NoticiasRCN de lo que pas√≥ en Marzo 13, estas no se las va a robar? 
Contundencia esperamos con esto.",negative,anger
40,"C√≥mo que rega√±an? √âsto es inaudito, c√≥mo no lo suspenden de su cargo? Yo no s√© si es un inepto o un tramposo o las dos? No puede tener ese cargo para las presidenciales!!!!! https://t.co/hSGaqSukpR",negative,anger
589,"@petrogustavo Quieren hacer arder a Colombia como sea...y sabotear las elecciones,se un√≠o toda la mafia politico-paramilitar con sus medios de comunicaci√≥n y sus generales golpistas,alrededor de su patr√≥n,no podemos ceder,Colombia va por el  cambio!!
@petrogustavo PRESIDENTE!!",negative,fear
388,"Luis P√©rez se caracteriza por tener un estilo de ropa colorida y a la medida. En este cap√≠tulo de #ElHilo le contamos qu√© comunica con las prendas que usa el candidato.
https://t.co/BQkQzsF1Mu

#Elecciones2022 #ColombiaDecide https://t.co/qSKzzQgQn2",neutral,sadness
215,√Ålvaro Uribe publica video de bus quemado y afirma que esas son las ‚Äúense√±anzas de Petro y Santos‚Äù https://t.co/elo1Lwwcgo,negative,joy
351,#ColombiaDecide | Candidatos presidenciales explican c√≥mo combatir√≠an la alta inflaci√≥n en Colombia https://t.co/U2fxQzaVSR,neutral,joy
348,"El 29 de mayo, ser√°n 
Las Elecciones en Colombia. https://t.co/k01o3i9ero",neutral,sadness
113,"@JuanDanielMos19 Pendejo eso ya pas√≥ en 2018, parece que t√∫ y las putas uribistas no saben ni que pas√≥ en las elecciones de cada 4 a√±os, otra prueba que en Colombia en un pa√≠s de mierda con gente muy pendeja.",negative,anger
105,"En la Video Columna de La Conversa, este s√°bado 8:00 p.m.,  an√°lisis sobre la actualidad pol√≠tica y social de Colombia, a escasos d√≠as de elecciones presidenciales. https://t.co/DcJRYFli9t",neutral,joy
